<?xml version="1.0" encoding="UTF-8"?>
<lr:LogReport xmlns:dcml="http://www.smpte-ra.org/schemas/433/2008/dcmlTypes"
			xmlns:ds="http://www.w3.org/2000/09/xmldsig#"
			xmlns:lr="http://www.smpte-ra.org/schemas/430-4/2008/LogRecord"
			xmlns:xs="http://www.w3.org/2001/XMLSchema"
			xmlns:xsi="http://www.w3.org/2001/XMLSchema-instance"
			xsi:schemaLocation="http://www.smpte-ra.org/schemas/430-4/2008/LogRecord ./LogRecord.xsd
			 http://www.smpte-ra.org/schemas/433/2008/dcmlTypes ../datatypes/dcmlTypes.xsd">
	<lr:reportDate>2007-05-04T09:30:47-08:00</lr:reportDate>
	<lr:reportingDevice>
		<dcml:DeviceIdentifier idtype="CertThumbprint">rlpve6MSncWouNIpFcTSIhk6w2A=</dcml:DeviceIdentifier>
		<dcml:DeviceTypeID scope="http://www.smpte-ra.org/schemas/433/2006/DCMLTypes/#DeviceTypeTokens">SM</dcml:DeviceTypeID>
		<dcml:DeviceSerial>000000042</dcml:DeviceSerial>
		<dcml:ManufacturerCertID>rlpve6MSncWouNIpFcTSIhk6w2A=</dcml:ManufacturerCertID>
		<dcml:DeviceCertID>9czqa+0orIADHDIYxAkn/IcmZ3o=</dcml:DeviceCertID>
		<dcml:ManufacturerName>Acme Digital Cinema Inc.</dcml:ManufacturerName>
		<dcml:DeviceName>Playback Server 3000</dcml:DeviceName>
		<dcml:ModelNumber>PS-3000</dcml:ModelNumber>
		<dcml:VersionInfo>
			<dcml:Name>Application Module</dcml:Name>
			<dcml:Value>1.0.0.0</dcml:Value>
			<dcml:Name>Security Module</dcml:Name>
			<dcml:Value>3.4.2.1</dcml:Value>
		</dcml:VersionInfo>
	</lr:reportingDevice>
	<!-- Event 0 -->
	<lr:LogRecordElement>
		<lr:LogRecordHeader>
			<lr:EventID>urn:uuid:00000000-0000-0000-0000-000000000000</lr:EventID>
			<lr:TimeStamp>2007-05-17T09:30:47-05:00</lr:TimeStamp>
			<lr:EventSequence>0</lr:EventSequence>
			<lr:DeviceSourceID>
				<dcml:PrimaryID idtype="CertThumbprint">rlpve6MSncWouNIpFcTSIhk6w2A=</dcml:PrimaryID>
				<dcml:SecondaryID idtype="DeviceUID">urn:uuid:733365c3-2d44-4f93-accd-43cb39b0cedf</dcml:SecondaryID>
			</lr:DeviceSourceID>
			<lr:EventClass>http://www.acmedigitalcinema.com/LogRecords/2007/ExampleClass/</lr:EventClass>
			<lr:EventType scope="http://www.acmedigitalcinema.com/LogRecords/2007/ExampleClass/#EventTypes">ClassA</lr:EventType>
			<!--previousHeaderHash not meaningful, there is no previous header -->
			<lr:recordBodyHash>rlpve6MSncWouNIpFcTSIhk6w2A=</lr:recordBodyHash>
		</lr:LogRecordHeader>
		<lr:LogRecordBody>
			<lr:EventID>urn:uuid:00000000-0000-0000-0000-000000000000</lr:EventID>
			<lr:EventSubType scope="http://www.acmedigitalcinema.com/LogRecords/2007/ExampleClass/#EventTypes">ClassA_Event1</lr:EventSubType>
			<lr:Parameters>
				<dcml:Parameter>
					<dcml:Name>StringValue1</dcml:Name>
					<dcml:Value xsi:type="xs:string">This is a string value</dcml:Value>
				</dcml:Parameter>
				<dcml:Parameter>
					<dcml:Name>IntegerValue1</dcml:Name>
					<dcml:Value xsi:type="xs:integer">100</dcml:Value>
				</dcml:Parameter>
			</lr:Parameters>
			<lr:ReferencedIDs>
				<lr:ReferencedID>
					<lr:IDName>Referenced_UUID_1</lr:IDName>
					<lr:IDValue>urn:uuid:64bb6972-13a0-1348-a5e3-ae45420ea57d</lr:IDValue>
				</lr:ReferencedID>
			</lr:ReferencedIDs>
		</lr:LogRecordBody>
		<lr:LogRecordSignature>
			<!-- Signature not required here, but an indication is needed to mark the start of the signed sequence -->
			<lr:HeaderPlacement>start</lr:HeaderPlacement>
			<lr:SequenceLength>3</lr:SequenceLength>
		</lr:LogRecordSignature>
	</lr:LogRecordElement>
	<!-- Event 1 -->
	<lr:LogRecordElement>
		<lr:LogRecordHeader>
			<lr:EventID>urn:uuid:00000000-0000-0000-0000-000000000001</lr:EventID>
			<lr:TimeStamp>2007-05-17T09:35:47-05:00</lr:TimeStamp>
			<lr:EventSequence>1</lr:EventSequence>
			<lr:DeviceSourceID>
				<dcml:PrimaryID idtype="CertThumbprint">rlpve6MSncWouNIpFcTSIhk6w2A=</dcml:PrimaryID>
				<dcml:SecondaryID idtype="DeviceUID">urn:uuid:733365c3-2d44-4f93-accd-43cb39b0cedf</dcml:SecondaryID>
			</lr:DeviceSourceID>
			<lr:EventClass>http://www.acmedigitalcinema.com/LogRecords/2007/ExampleClass/</lr:EventClass>
			<lr:EventType scope="http://www.acmedigitalcinema.com/LogRecords/2007/ExampleClass/#EventTypes">ClassB</lr:EventType>
			<lr:previousHeaderHash>9czqa+0orIADHDIYxAkn/IcmZ3o=</lr:previousHeaderHash>
			<lr:recordBodyHash>rlpve6MSncWouNIpFcTSIhk6w2A=</lr:recordBodyHash>
		</lr:LogRecordHeader>
		<lr:LogRecordBody>
			<lr:EventID>urn:uuid:00000000-0000-0000-0000-000000000001</lr:EventID>
			<lr:EventSubType scope="http://www.acmedigitalcinema.com/LogRecords/2007/ExampleClass/#EventTypes">ClassB_Event13</lr:EventSubType>
			<lr:Exceptions>
				<dcml:Parameter>
					<dcml:Name>Exception1</dcml:Name>
					<dcml:Value xsi:type="xs:string">Exception:  unexpected Event13</dcml:Value>
				</dcml:Parameter>
			</lr:Exceptions>
		</lr:LogRecordBody>
		<!-- Signature not required here -->
	</lr:LogRecordElement>
	<!-- Event 2 -->
	<lr:LogRecordElement>
		<lr:LogRecordHeader>
			<lr:EventID>urn:uuid:00000000-0000-0000-0000-000000000002</lr:EventID>
			<lr:TimeStamp>2007-05-17T09:40:47-05:00</lr:TimeStamp>
			<lr:EventSequence>2</lr:EventSequence>
			<lr:DeviceSourceID>
				<dcml:PrimaryID idtype="CertThumbprint">rlpve6MSncWouNIpFcTSIhk6w2A=</dcml:PrimaryID>
				<dcml:SecondaryID idtype="DeviceUID">urn:uuid:733365c3-2d44-4f93-accd-43cb39b0cedf</dcml:SecondaryID>
			</lr:DeviceSourceID>
			<lr:EventClass>http://www.acmedigitalcinema.com/LogRecords/2007/ExampleClass/</lr:EventClass>
			<lr:EventType scope="http://www.acmedigitalcinema.com/LogRecords/2007/ExampleClass/#EventTypes">ClassB</lr:EventType>
			<lr:previousHeaderHash>9czqa+0orIADHDIYxAkn/IcmZ3o=</lr:previousHeaderHash>
			<lr:recordBodyHash>rlpve6MSncWouNIpFcTSIhk6w2A=</lr:recordBodyHash>
		</lr:LogRecordHeader>
		<lr:LogRecordBody>
			<lr:EventID>urn:uuid:00000000-0000-0000-0000-000000000002</lr:EventID>
			<lr:EventSubType scope="http://www.acmedigitalcinema.com/LogRecords/2007/ExampleClass/#EventTypes">ClassB_Event5</lr:EventSubType>
			<lr:Parameters>
				<dcml:Parameter>
					<dcml:Name>DigestValue1</dcml:Name>
					<dcml:Value xsi:type="ds:DigestValueType">rlpve6MSncWouNIpFcTSIhk6w2A=</dcml:Value>
				</dcml:Parameter>
			</lr:Parameters>
			<!-- if the log record is proxied for another device, the device description identifies the proxied device -->
			<lr:DeviceDescription>
				<dcml:DeviceIdentifier idtype="DeviceUID">urn:uuid:943289c3-2d44-4f93-accd-43cb39b0cedf</dcml:DeviceIdentifier>
				<dcml:DeviceTypeID scope="http://www.smpte-ra.org/schemas/433/2006/DCMLTypes/#DeviceTypeTokens">SM</dcml:DeviceTypeID>
				<dcml:DeviceSerial>3412</dcml:DeviceSerial>
				<dcml:ManufacturerName>Acme Digital Cinema Inc.</dcml:ManufacturerName>
				<dcml:DeviceName>Acme Widget 1000</dcml:DeviceName>
				<dcml:VersionInfo>
					<dcml:Name>Application</dcml:Name>
					<dcml:Value>1.2.5.3</dcml:Value>
				</dcml:VersionInfo>
			</lr:DeviceDescription>
		</lr:LogRecordBody>
		<lr:LogRecordSignature>
			<lr:HeaderPlacement>stop</lr:HeaderPlacement>
			<lr:SequenceLength>3</lr:SequenceLength>
			<!--The optional Signer and Signature are omitted here for clarity -->
			<!-- Please see the normative reference for [xmldsig] for examples -->
		</lr:LogRecordSignature>
	</lr:LogRecordElement>
</lr:LogReport>
