<?xml version="1.0" encoding="UTF-8"?>
<dcml:DeviceDescription xmlns:dcml="http://www.smpte-ra.org/schemas/433/2008/dcmlTypes"
	xmlns:xsi="http://www.w3.org/2001/XMLSchema-instance"
	xsi:schemaLocation="http://www.smpte-ra.org/schemas/433/2008/dcmlTypes ./dcmlTypes.xsd">

  <dcml:DeviceIdentifier idtype="DeviceUID">urn:uuid:00000000-0000-0000-0000-000000000000</dcml:DeviceIdentifier>
  <dcml:DeviceTypeID>TMS</dcml:DeviceTypeID>
  <dcml:DeviceSerial>TMS-1138</dcml:DeviceSerial>
  <dcml:ManufacturerID>urn:uuid:00000000-0000-0000-0000-000000000000</dcml:ManufacturerID>
  <dcml:ManufacturerCertID>857ABCD023abcd22</dcml:ManufacturerCertID>
  <!-- This Device does not have a Device Certificate -->
  <dcml:ManufacturerName>Theater Concepts, Inc.</dcml:ManufacturerName>
  <dcml:DeviceName>DuzItAll Theater Management System</dcml:DeviceName>
  <dcml:ModelNumber>DTMS-1</dcml:ModelNumber>
  <dcml:VersionInfo>
    <dcml:Name>System</dcml:Name> <dcml:Value>1.0.0.3</dcml:Value>
    <dcml:Name>Engine</dcml:Name> <dcml:Value>1.2.4.3</dcml:Value>
    <dcml:Name>User Interface</dcml:Name> <dcml:Value>3.2</dcml:Value>
  </dcml:VersionInfo>
  <dcml:DeviceComment>This is a sample Device Description</dcml:DeviceComment>

</dcml:DeviceDescription>
